,Noise,Image Number,Leaf Area,Standardized Frechet Distance,P,R,Reflected Image Number,Total Number of Pixels,Dataset
0,0mm,128,3.09,0.02775069963696918,1.0,0.8294712712413415,128,1258044,No pillars
1,0mm,128,0.52,0.07276312340319817,1.0,0.8432055749128919,128,196346,No pillars
2,0mm,128,3.09,0.035042636865986874,1.0,0.8189079927913886,128,1186515,No pillars
3,0mm,128,1.57,0.03951043190242484,1.0,0.8106022896963664,128,575738,No pillars
4,0mm,128,0.68,0.06240673201359307,1.0,0.7905637390630191,128,259852,No pillars
5,0mm,128,1.57,0.04324343271294258,1.0,0.7668366581670917,128,1244419,No pillars
6,0mm,128,3.09,0.05302068737232293,1.0,0.688594637742405,128,2062216,No pillars
7,0mm,128,5.61,0.06670021316283208,1.0,0.5917489937797292,128,595015,No pillars
8,0mm,128,3.09,0.035543339057474,1.0,0.7135873949978644,128,1296365,No pillars
9,0mm,128,0.52,0.11925878000109066,1.0,0.8687435098650051,128,220840,No pillars
10,0mm,128,3.09,0.03194658287953848,1.0,0.6814635800898838,128,1246560,No pillars
11,0mm,128,1.57,0.04998143387900165,1.0,0.6383640277445587,128,566711,No pillars
12,0mm,128,0.68,0.05283464123713766,1.0,0.8552479815455594,128,283254,No pillars
13,0mm,128,1.57,0.03591632892710166,1.0,0.7069234493517672,128,1250021,No pillars
14,0mm,128,3.09,0.045778855057740854,1.0,0.7365535248041776,128,2106988,No pillars
15,0mm,128,5.61,0.039604760062850526,0.9900199600798403,0.7220893482531818,128,632262,No pillars
16,0mm,128,3.09,0.03112142252928091,1.0,0.817434758467518,128,1246503,No pillars
17,0mm,128,0.52,0.059266250459371964,1.0,0.7595684738541881,128,206442,No pillars
18,0mm,128,3.09,0.04250263643048752,1.0,0.8152385905603953,128,1260325,No pillars
19,0mm,128,1.57,0.058641000405619995,1.0,0.8028284244974287,128,575560,No pillars
20,0mm,128,0.68,0.046978055073239385,1.0,0.8074850520410423,128,259593,No pillars
21,0mm,128,1.57,0.03732112674208474,1.0,0.7332358959368606,128,981525,No pillars
22,0mm,128,3.09,0.04820444583790125,1.0,0.6031398548911684,128,2042653,No pillars
23,0mm,128,5.61,0.04404207903221876,0.9940119760479041,0.5376682753365507,128,600290,No pillars
24,0mm,128,3.09,0.03709766672999403,1.0,0.8610665408211421,126,1109286,Thin pillars
25,0mm,128,0.52,0.08707903963789805,1.0,0.8096707818930041,128,195727,Thin pillars
26,0mm,128,3.09,0.047193759210106156,1.0,0.7883401411065726,128,1073500,Thin pillars
27,0mm,128,1.57,0.059126563100120974,1.0,0.8066135734072022,127,562773,Thin pillars
28,0mm,128,0.68,0.06614857638414312,1.0,0.7631436314363144,128,258910,Thin pillars
29,0mm,128,1.57,0.03496117809056577,1.0,0.771610696517413,120,1002260,Thin pillars
30,0mm,128,3.09,0.03709476254638223,1.0,0.693645530215876,127,1663440,Thin pillars
31,0mm,128,5.61,0.03674966600661032,1.0,0.6038701955047213,124,577687,Thin pillars
32,0mm,128,3.09,0.02943087382255336,1.0,0.7295814116410765,126,1175533,Thin pillars
33,0mm,128,0.52,0.09150874563826107,1.0,0.8714581178903826,128,220839,Thin pillars
34,0mm,128,3.09,0.0420849059962658,1.0,0.6970786953774365,126,1164207,Thin pillars
35,0mm,128,1.57,0.05350805143550438,1.0,0.6602466398780656,126,532986,Thin pillars
36,0mm,128,0.68,0.05675253462827579,1.0,0.8267794221282594,123,272630,Thin pillars
37,0mm,128,1.57,0.022793318515687163,1.0,0.7006990542207602,123,1043200,Thin pillars
38,0mm,128,3.09,0.03419166160398171,1.0,0.7573278800272665,128,1737970,Thin pillars
39,0mm,128,5.61,0.029580251659008534,0.9900199600798403,0.7362961895843838,124,602350,Thin pillars
40,0mm,128,3.09,0.0319696725826536,1.0,0.8002119766825649,127,1118935,Thin pillars
41,0mm,128,0.52,0.05137398924097507,1.0,0.7392526568392184,128,204983,Thin pillars
42,0mm,128,3.09,0.07429324602435694,0.9900199600798403,0.7775571600481348,125,1108252,Thin pillars
43,0mm,128,1.57,0.055705194729592455,1.0,0.8409068010075567,127,563012,Thin pillars
44,0mm,128,0.68,0.041968769668772894,1.0,0.8186303387334315,128,259576,Thin pillars
45,0mm,128,1.57,0.043918849922650535,1.0,0.7649363369245837,118,793833,Thin pillars
46,0mm,128,3.09,0.058903260290959665,1.0,0.602139534883721,126,1629354,Thin pillars
47,0mm,128,5.61,0.04302797460652608,1.0,0.5291862567811935,124,577274,Thin pillars
48,0mm,128,3.09,0.023383088058823248,1.0,0.814324437030859,117,1006996,Thick pillars
49,0mm,128,0.52,0.07795579977070383,0.9960079840319361,0.8119128801057686,128,194811,Thick pillars
50,0mm,128,3.09,0.061916676357668676,1.0,0.788273837963279,118,980439,Thick pillars
51,0mm,128,1.57,0.0380225082275976,1.0,0.7949523980599964,120,557537,Thick pillars
52,0mm,128,0.68,0.060294647171656925,1.0,0.7803950092318022,128,257694,Thick pillars
53,0mm,128,1.57,0.0428329324645461,1.0,0.7658926532165968,114,859393,Thick pillars
54,0mm,128,3.09,0.05400211676099635,1.0,0.7112164038885712,116,1417546,Thick pillars
55,0mm,128,5.61,0.07065863843806956,1.0,0.5840938722294654,120,566910,Thick pillars
56,0mm,128,3.09,0.024892485596762083,1.0,0.7483920581655481,121,1093872,Thick pillars
57,0mm,128,0.52,0.09648528003762628,1.0,0.8746650175221604,128,220839,Thick pillars
58,0mm,128,3.09,0.03389445910412732,0.9920159680638723,0.717422056243988,123,1105031,Thick pillars
59,0mm,128,1.57,0.06541746790291526,1.0,0.6329265553642285,120,511630,Thick pillars
60,0mm,128,0.68,0.047565923309450954,1.0,0.861608154020385,120,269647,Thick pillars
61,0mm,128,1.57,0.027706018942464286,0.9900199600798403,0.7038279025624802,115,917994,Thick pillars
62,0mm,128,3.09,0.040104276174474776,1.0,0.7398874899544602,120,1505267,Thick pillars
63,0mm,128,5.61,0.0381398886315378,1.0,0.713052310817674,120,585128,Thick pillars
64,0mm,128,3.09,0.04678624456683826,1.0,0.7656095520571906,117,1025702,Thick pillars
65,0mm,128,0.52,0.06671090197370262,1.0,0.7171994115286879,128,203747,Thick pillars
66,0mm,128,3.09,0.040936247305501036,1.0,0.7684499314128944,118,992228,Thick pillars
67,0mm,128,1.57,0.061504625730183914,1.0,0.7971935398464389,120,556951,Thick pillars
68,0mm,128,0.68,0.04538224441145838,1.0,0.8122749099639855,128,259487,Thick pillars
69,0mm,128,1.57,0.03526544535100473,1.0,0.7432458203547136,111,669210,Thick pillars
70,0mm,128,3.09,0.04648569158183829,1.0,0.6149812734082397,116,1383574,Thick pillars
71,0mm,128,5.61,0.03480166758171241,1.0,0.49383096853793956,120,563452,Thick pillars
72,0mm,64,3.09,0.028756149969738652,1.0,0.8788108472292404,64,628840,No pillars
73,0mm,64,0.52,0.07426075156797199,1.0,0.9095623987034036,64,98085,No pillars
74,0mm,64,3.09,0.02811680950387611,1.0,0.8440902360421566,64,592987,No pillars
75,0mm,64,1.57,0.03502046259185549,1.0,0.874460120932911,64,287888,No pillars
76,0mm,64,0.68,0.07020958296244187,1.0,0.7845117845117845,64,129766,No pillars
77,0mm,64,1.57,0.03900842844891514,0.9960079840319361,0.8042048239391203,64,622339,No pillars
78,0mm,64,3.09,0.03332544538108759,1.0,0.7923988232487875,64,1030880,No pillars
79,0mm,64,5.61,0.06091471420213078,1.0,0.6649639926310501,64,297128,No pillars
80,0mm,64,3.09,0.02951374508891563,1.0,0.7655013446023818,64,646154,No pillars
81,0mm,64,0.52,0.07588043928009762,1.0,0.9141716566866267,64,110300,No pillars
82,0mm,64,3.09,0.03302374966102022,1.0,0.7479198984628402,64,623202,No pillars
83,0mm,64,1.57,0.04971141139826557,1.0,0.7095026546754795,64,282974,No pillars
84,0mm,64,0.68,0.050358994524106214,1.0,0.8786932500600528,64,141597,No pillars
85,0mm,64,1.57,0.03468833353638261,1.0,0.7108870178186802,64,625383,No pillars
86,0mm,64,3.09,0.046732026947307014,0.996,0.8374159262642199,64,1053162,No pillars
87,0mm,64,5.61,0.025345667816661553,1.0,0.7433347744631791,64,316035,No pillars
88,0mm,64,3.09,0.03269772443581064,1.0,0.8299851803062737,64,622490,No pillars
89,0mm,64,0.52,0.043262391602253765,1.0,0.8359050445103857,64,103051,No pillars
90,0mm,64,3.09,0.028210433420635932,1.0,0.8183173112750578,64,630042,No pillars
91,0mm,64,1.57,0.0352151620408717,0.994,0.8947461212976022,64,287378,No pillars
92,0mm,64,0.68,0.05136282214365824,1.0,0.8201899965663271,64,129675,No pillars
93,0mm,64,1.57,0.03475717931631052,1.0,0.7806075483277078,64,491064,No pillars
94,0mm,64,3.09,0.04100604883840772,1.0,0.717713236138216,64,1022205,No pillars
95,0mm,64,5.61,0.040075512209301375,1.0,0.6493506493506493,64,299836,No pillars
96,0mm,64,3.09,0.03581190110117891,1.0,0.8590919513872964,64,552701,Thin pillars
97,0mm,64,0.52,0.06622197679862307,1.0,0.824058816073013,64,97693,Thin pillars
98,0mm,64,3.09,0.033598961364512674,1.0,0.8499534016775396,64,536358,Thin pillars
99,0mm,64,1.57,0.034424161243756,1.0,0.873215785054576,64,281151,Thin pillars
100,0mm,64,0.68,0.07597247814964221,1.0,0.7854682813020776,64,129293,Thin pillars
101,0mm,64,1.57,0.043749557963551615,0.9960079840319361,0.803954802259887,59,505411,Thin pillars
102,0mm,64,3.09,0.02904632364068714,1.0,0.7479224376731302,63,831958,Thin pillars
103,0mm,64,5.61,0.04389871613611532,1.0,0.6445419637959408,62,288269,Thin pillars
104,0mm,64,3.09,0.03225047089203159,1.0,0.8159958720330237,63,583760,Thin pillars
105,0mm,64,0.52,0.09124751475917241,1.0,0.9159169550173011,64,110298,Thin pillars
106,0mm,64,3.09,0.03532069901481526,1.0,0.750500120028807,63,577367,Thin pillars
107,0mm,64,1.57,0.06828604174891076,1.0,0.6802965088474414,64,267377,Thin pillars
108,0mm,64,0.68,0.04946646379353772,1.0,0.8453748301840188,63,136059,Thin pillars
109,0mm,64,1.57,0.02635452545270332,1.0,0.7208748375920312,62,517448,Thin pillars
110,0mm,64,3.09,0.03595329356234558,1.0,0.7991234477720964,64,867180,Thin pillars
111,0mm,64,5.61,0.03619512483087312,0.9960079840319361,0.7784134248665141,62,300440,Thin pillars
112,0mm,64,3.09,0.034118280497482105,1.0,0.8317430025445293,64,558541,Thin pillars
113,0mm,64,0.52,0.055439152299131496,1.0,0.7714846488153652,64,102204,Thin pillars
114,0mm,64,3.09,0.04646504546099126,0.9960079840319361,0.8538205980066446,64,554718,Thin pillars
115,0mm,64,1.57,0.05952348674911016,0.998,0.8719874257771568,64,280684,Thin pillars
116,0mm,64,0.68,0.05158262927599513,1.0,0.8141011108592155,64,129674,Thin pillars
117,0mm,64,1.57,0.033720178854449334,1.0,0.7657283002772446,58,405039,Thin pillars
118,0mm,64,3.09,0.05858460129281149,1.0,0.7047636632200887,62,816912,Thin pillars
119,0mm,64,5.61,0.04466765428585589,1.0,0.5709240729841083,62,287909,Thin pillars
120,0mm,64,3.09,0.03096325577880209,0.996,0.8422123566407695,60,497245,Thick pillars
121,0mm,64,0.52,0.06205241771822571,1.0,0.8152230971128609,64,97365,Thick pillars
122,0mm,64,3.09,0.03812178205717075,1.0,0.8610337356855463,61,484428,Thick pillars
123,0mm,64,1.57,0.03518075109409226,1.0,0.8326580226904376,60,278474,Thick pillars
124,0mm,64,0.68,0.061955849247089884,1.0,0.7366838487972509,64,128513,Thick pillars
125,0mm,64,1.57,0.03736873524354292,1.0,0.7904097253489419,59,428691,Thick pillars
126,0mm,64,3.09,0.02091948651745572,1.0,0.8,59,705696,Thick pillars
127,0mm,64,5.61,0.04088797471245229,1.0,0.6661786237188873,60,282841,Thick pillars
128,0mm,64,3.09,0.03741523221475096,1.0,0.8182656826568265,61,542095,Thick pillars
129,0mm,64,0.52,0.08123088708411423,1.0,0.9072026800670017,64,110298,Thick pillars
130,0mm,64,3.09,0.042726462235672245,1.0,0.7561443581544084,62,552484,Thick pillars
131,0mm,64,1.57,0.07374118934573191,1.0,0.7036046184173472,60,253520,Thick pillars
132,0mm,64,0.68,0.03777073772292955,1.0,0.8835817093363902,60,133610,Thick pillars
133,0mm,64,1.57,0.03526106601961084,1.0,0.7188843695525857,59,456105,Thick pillars
134,0mm,64,3.09,0.028691452913486917,1.0,0.8366546880104541,60,750260,Thick pillars
135,0mm,64,5.61,0.0253835054670594,0.9920159680638723,0.7751736111111112,60,293901,Thick pillars
136,0mm,64,3.09,0.0510716373973037,1.0,0.8300990636449993,60,506764,Thick pillars
137,0mm,64,0.52,0.0542329818798385,1.0,0.7831915813752343,64,101937,Thick pillars
138,0mm,64,3.09,0.04832339034447437,1.0,0.8204346673734428,62,486680,Thick pillars
139,0mm,64,1.57,0.060848477037675396,1.0,0.840782122905028,60,277434,Thick pillars
140,0mm,64,0.68,0.049000402007260205,1.0,0.8344208809135399,64,129620,Thick pillars
141,0mm,64,1.57,0.03502771158168979,1.0,0.7946607079854169,56,330922,Thick pillars
142,0mm,64,3.09,0.042802193860138046,1.0,0.7360931435963778,59,690182,Thick pillars
143,0mm,64,5.61,0.035212672343243594,1.0,0.6593611960584438,60,282233,Thick pillars
144,0mm,32,3.09,0.023103846521711924,1.0,0.9020660484789328,32,314575,No pillars
145,0mm,32,0.52,0.06403858908906619,1.0,0.8970859839934332,32,48923,No pillars
146,0mm,32,3.09,0.02640405494513287,1.0,0.8825640189202414,32,297168,No pillars
147,0mm,32,1.57,0.036789476345146684,1.0,0.8477450980392157,32,144677,No pillars
148,0mm,32,0.68,0.06009600337150779,1.0,0.8199368199368199,32,64749,No pillars
149,0mm,32,1.57,0.02374959918436765,1.0,0.828449158061215,32,310369,No pillars
150,0mm,32,3.09,0.033286106055251,1.0,0.8347474118471239,32,517420,No pillars
151,0mm,32,5.61,0.03354108541641316,1.0,0.7252699470976157,32,148368,No pillars
152,0mm,32,3.09,0.035703342331360424,1.0,0.8402470642061919,32,326451,No pillars
153,0mm,32,0.52,0.0925594525370972,1.0,0.9082625482625483,32,55322,No pillars
154,0mm,32,3.09,0.02792625269738994,1.0,0.8464301422078874,32,312459,No pillars
155,0mm,32,1.57,0.048827923142752694,1.0,0.7338983050847457,32,140483,No pillars
156,0mm,32,0.68,0.05602868617559877,1.0,0.8811921472891873,32,70751,No pillars
157,0mm,32,1.57,0.05338184424508679,1.0,0.8572902983674235,32,312786,No pillars
158,0mm,32,3.09,0.024850729893363326,1.0,0.8716803572852699,32,525303,No pillars
159,0mm,32,5.61,0.042426802159303195,1.0,0.8129055258467023,32,157669,No pillars
160,0mm,32,3.09,0.027807487038231254,1.0,0.8871970663265306,32,311677,No pillars
161,0mm,32,0.52,0.050530387590856166,1.0,0.855980751604033,32,51381,No pillars
162,0mm,32,3.09,0.017387539542277404,1.0,0.8903033389103077,32,315412,No pillars
163,0mm,32,1.57,0.03513647641432509,1.0,0.840769165893565,32,144045,No pillars
164,0mm,32,0.68,0.08728195185800054,1.0,0.9181975362005619,32,64676,No pillars
165,0mm,32,1.57,0.03296195599888725,1.0,0.8497255858524262,32,246796,No pillars
166,0mm,32,3.09,0.05339821955377059,0.994,0.7857324193957858,32,512989,No pillars
167,0mm,32,5.61,0.03832673609674052,0.9900199600798403,0.7605323726608626,32,149917,No pillars
168,0mm,32,3.09,0.03300244414195622,1.0,0.8267733801118299,32,259941,Thin pillars
169,0mm,32,0.52,0.06261480566576447,1.0,0.805920183243767,32,48531,Thin pillars
170,0mm,32,3.09,0.03231682654871219,1.0,0.7970615243342516,32,264202,Thin pillars
171,0mm,32,1.57,0.034299063640279244,1.0,0.8702635448478679,32,138880,Thin pillars
172,0mm,32,0.68,0.06503485351568193,1.0,0.8224479075468394,32,64457,Thin pillars
173,0mm,32,1.57,0.02946800793888804,1.0,0.8209383323089531,27,217779,Thin pillars
174,0mm,32,3.09,0.03484150422091199,1.0,0.6983298538622129,31,391175,Thin pillars
175,0mm,32,5.61,0.04692729724359378,1.0,0.7406590376395974,30,140737,Thin pillars
176,0mm,32,3.09,0.026726179395157364,1.0,0.8158439255099025,31,278981,Thin pillars
177,0mm,32,0.52,0.09531115088518038,1.0,0.9182106493072942,32,55320,Thin pillars
178,0mm,32,3.09,0.03432988327665476,1.0,0.805679012345679,31,278781,Thin pillars
179,0mm,32,1.57,0.05708393787563349,1.0,0.6892799259087752,32,127689,Thin pillars
180,0mm,32,0.68,0.042169184723554014,1.0,0.9208333333333333,31,65857,Thin pillars
181,0mm,32,1.57,0.02322494466322712,1.0,0.8536873156342183,30,232475,Thin pillars
182,0mm,32,3.09,0.030999528517214492,1.0,0.6085616815230549,32,417800,Thin pillars
183,0mm,32,5.61,0.034335443130223395,1.0,0.7463387978142076,30,143469,Thin pillars
184,0mm,32,3.09,0.030057767787529426,1.0,0.8546371661125759,32,266602,Thin pillars
185,0mm,32,0.52,0.0565916534697547,1.0,0.8137055229423745,32,50533,Thin pillars
186,0mm,32,3.09,0.026996894311810356,1.0,0.7917053543794491,32,275915,Thin pillars
187,0mm,32,1.57,0.04814417400327659,1.0,0.8569283569283569,32,138336,Thin pillars
188,0mm,32,0.68,0.09140991972023947,1.0,0.9093007915567283,32,64676,Thin pillars
189,0mm,32,1.57,0.034487329440759835,1.0,0.8730585075324069,26,180597,Thin pillars
190,0mm,32,3.09,0.03818173948274909,1.0,0.6774922338322508,30,384563,Thin pillars
191,0mm,32,5.61,0.033318353399826015,1.0,0.6492154730464502,30,139062,Thin pillars
192,0mm,32,3.09,0.04054361256599184,1.0,0.8504148365056124,28,230724,Thick pillars
193,0mm,32,0.52,0.08494917896016384,1.0,0.8244956257811105,32,48203,Thick pillars
194,0mm,32,3.09,0.028955155844016325,1.0,0.8084507042253521,29,233985,Thick pillars
195,0mm,32,1.57,0.037863475071664626,1.0,0.8754748338081672,28,137571,Thick pillars
196,0mm,32,0.68,0.07663703790769014,1.0,0.837733822608073,32,63833,Thick pillars
197,0mm,32,1.57,0.025122647696928204,1.0,0.8393560733986266,27,191080,Thick pillars
198,0mm,32,3.09,0.02776883406955706,0.998,0.6777100450569838,27,346264,Thick pillars
199,0mm,32,5.61,0.04628222399007862,0.9880239520958084,0.6269492203118753,28,138360,Thick pillars
200,0mm,32,3.09,0.03231556372704733,1.0,0.8394528437724982,29,257972,Thick pillars
201,0mm,32,0.52,0.08449047838063395,1.0,0.924249797242498,32,55320,Thick pillars
202,0mm,32,3.09,0.04476492310360265,1.0,0.8395334174022698,30,267725,Thick pillars
203,0mm,32,1.57,0.10711402055652847,1.0,0.7114093959731543,28,121718,Thick pillars
204,0mm,32,0.68,0.05087378621346848,1.0,0.9262759924385633,28,65493,Thick pillars
205,0mm,32,1.57,0.03675075965209627,1.0,0.8397576382622147,27,205950,Thick pillars
206,0mm,32,3.09,0.026319764373963106,1.0,0.7506021458287716,28,357152,Thick pillars
207,0mm,32,5.61,0.02798154495207931,1.0,0.7153846153846154,28,141650,Thick pillars
208,0mm,32,3.09,0.04233591864518198,1.0,0.892790086368757,28,237992,Thick pillars
209,0mm,32,0.52,0.05011953774608353,1.0,0.835276034328167,32,50266,Thick pillars
210,0mm,32,3.09,0.02796723174011376,1.0,0.8597299967072769,30,234636,Thick pillars
211,0mm,32,1.57,0.04371257772721874,1.0,0.8534175410003056,28,136980,Thick pillars
212,0mm,32,0.68,0.06674900114082266,1.0,0.9070216877818338,32,64644,Thick pillars
213,0mm,32,1.57,0.03777033622392459,1.0,0.8786473648495815,24,155608,Thick pillars
214,0mm,32,3.09,0.043911027039568624,0.902,0.7177508269018743,27,339445,Thick pillars
215,0mm,32,5.61,0.04131565822137546,0.9920159680638723,0.6278236914600551,28,137067,Thick pillars
216,1mm,128,3.09,0.04330836039672406,1.0,0.8309723889555822,128,1258044,No pillars
217,1mm,128,0.52,0.07577905253497128,1.0,0.7408967054743621,128,196346,No pillars
218,1mm,128,3.09,0.04744585466994285,1.0,0.825840574234983,128,1186515,No pillars
219,1mm,128,1.57,0.045175872570534854,1.0,0.6976670870113493,128,575738,No pillars
220,1mm,128,0.68,0.07203104813995646,1.0,0.773220747889023,128,259852,No pillars
221,1mm,128,1.57,0.03851342251544568,1.0,0.6966319360310153,128,1244419,No pillars
222,1mm,128,3.09,0.03406256719894521,1.0,0.537070120589549,128,2062216,No pillars
223,1mm,128,5.61,0.05739495420290266,0.9920159680638723,0.36172512034581,128,595015,No pillars
224,1mm,128,3.09,0.038621382611401016,1.0,0.49530376887409344,128,1296365,No pillars
225,1mm,128,0.52,0.1119432061078903,1.0,0.7338393090813923,128,220840,No pillars
226,1mm,128,3.09,0.031097545910065905,0.9900199600798403,0.516218278954398,128,1246560,No pillars
227,1mm,128,1.57,0.08857044412052086,1.0,0.3061009077475195,128,566711,No pillars
228,1mm,128,0.68,0.0666877330055767,1.0,0.7856959094417288,128,283254,No pillars
229,1mm,128,1.57,0.041952135624360835,1.0,0.6018987341772152,128,1250021,No pillars
230,1mm,128,3.09,0.03203736860080242,1.0,0.6263664757938574,128,2106988,No pillars
231,1mm,128,5.61,0.03471932802912755,1.0,0.5684690283820178,128,632262,No pillars
232,1mm,128,3.09,0.04145865150190252,1.0,0.7930008748906386,128,1246503,No pillars
233,1mm,128,0.52,0.07357459272206843,1.0,0.7501540357362908,128,206442,No pillars
234,1mm,128,3.09,0.052459906378222426,0.9920159680638723,0.8090165199938243,128,1260325,No pillars
235,1mm,128,1.57,0.05643963458320019,1.0,0.7393364928909952,128,575560,No pillars
236,1mm,128,0.68,0.06557791134653125,1.0,0.865582191780822,128,259593,No pillars
237,1mm,128,1.57,0.035449377101817885,1.0,0.7155016765540366,128,981525,No pillars
238,1mm,128,3.09,0.07657308722990733,1.0,0.35117802871880666,128,2042653,No pillars
239,1mm,128,5.61,0.04696698519980781,1.0,0.2891754591637358,128,600290,No pillars
240,1mm,128,3.09,0.036013892445283475,1.0,0.8679838347552762,126,1109286,Thin pillars
241,1mm,128,0.52,0.07812455114562933,1.0,0.7325739083265528,128,195727,Thin pillars
242,1mm,128,3.09,0.04833660991805431,0.998003992015968,0.7670137597619933,128,1073500,Thin pillars
243,1mm,128,1.57,0.04785481479341944,1.0,0.6970802919708029,127,562773,Thin pillars
244,1mm,128,0.68,0.07996934607459327,1.0,0.7358674463937622,128,258910,Thin pillars
245,1mm,128,1.57,0.03517670409921333,1.0,0.7207357859531772,120,1002260,Thin pillars
246,1mm,128,3.09,0.04997833951222799,0.996,0.589034449296458,127,1663440,Thin pillars
247,1mm,128,5.61,0.0368158200016753,1.0,0.39723926380368096,124,577687,Thin pillars
248,1mm,128,3.09,0.041978353113216724,1.0,0.5885049942688718,126,1175533,Thin pillars
249,1mm,128,0.52,0.09994631451764632,1.0,0.7328342798141456,128,220839,Thin pillars
250,1mm,128,3.09,0.036285271295204036,0.9940119760479041,0.509701417512818,126,1164207,Thin pillars
251,1mm,128,1.57,0.10840010273563798,0.996,0.3631060409644802,126,532986,Thin pillars
252,1mm,128,0.68,0.05850888745697856,1.0,0.8028860028860029,123,272630,Thin pillars
253,1mm,128,1.57,0.053542249204269504,1.0,0.5708299758259469,123,1043200,Thin pillars
254,1mm,128,3.09,0.023670310304696227,1.0,0.6666014478575621,128,1737970,Thin pillars
255,1mm,128,5.61,0.0316634082312568,1.0,0.6367631459312016,124,602350,Thin pillars
256,1mm,128,3.09,0.03586342584160929,1.0,0.8374549201442555,127,1118935,Thin pillars
257,1mm,128,0.52,0.0823865419829136,1.0,0.6205897840968931,128,204983,Thin pillars
258,1mm,128,3.09,0.043669757875834075,1.0,0.7038086244885112,125,1108252,Thin pillars
259,1mm,128,1.57,0.062211542610066096,1.0,0.7216538789428815,127,563012,Thin pillars
260,1mm,128,0.68,0.0695472321815313,1.0,0.8539370078740157,128,259576,Thin pillars
261,1mm,128,1.57,0.043213896595600404,1.0,0.6990490876381393,118,793833,Thin pillars
262,1mm,128,3.09,0.04644168638896807,1.0,0.35841283607979185,126,1629354,Thin pillars
263,1mm,128,5.61,0.04567697347031493,1.0,0.2513397078911422,124,577274,Thin pillars
264,1mm,128,3.09,0.06240677912674442,1.0,0.8095238095238095,117,1006996,Thick pillars
265,1mm,128,0.52,0.0781892001369855,1.0,0.6795409401898036,128,194811,Thick pillars
266,1mm,128,3.09,0.04749102107265563,1.0,0.7172690763052209,118,980439,Thick pillars
267,1mm,128,1.57,0.050240051287797516,0.998,0.7761100687929956,120,557537,Thick pillars
268,1mm,128,0.68,0.09143702172173192,1.0,0.7374727668845316,128,257694,Thick pillars
269,1mm,128,1.57,0.03506561589937174,1.0,0.7121212121212122,114,859393,Thick pillars
270,1mm,128,3.09,0.05844752521831013,1.0,0.6090947017104714,116,1417546,Thick pillars
271,1mm,128,5.61,0.02883610984378199,1.0,0.3769271664008506,120,566910,Thick pillars
272,1mm,128,3.09,0.04271011261293849,1.0,0.5815107517000552,121,1093872,Thick pillars
273,1mm,128,0.52,0.1097013235579736,1.0,0.7507231133315804,128,220839,Thick pillars
274,1mm,128,3.09,0.04095854416198544,1.0,0.5177693339293697,123,1105031,Thick pillars
275,1mm,128,1.57,0.10534393404587145,1.0,0.3002572086097198,120,511630,Thick pillars
276,1mm,128,0.68,0.06525903765155171,0.9920159680638723,0.9096385542168675,120,269647,Thick pillars
277,1mm,128,1.57,0.033788862264107114,1.0,0.6193662664829758,115,917994,Thick pillars
278,1mm,128,3.09,0.0326617537473297,1.0,0.5914685908319185,120,1505267,Thick pillars
279,1mm,128,5.61,0.03496709751787592,1.0,0.6191275167785235,120,585128,Thick pillars
280,1mm,128,3.09,0.04565656042160776,1.0,0.7639522258414767,117,1025702,Thick pillars
281,1mm,128,0.52,0.06541165342510567,1.0,0.584,128,203747,Thick pillars
282,1mm,128,3.09,0.05312264484932692,1.0,0.7057371992597162,118,992228,Thick pillars
283,1mm,128,1.57,0.07180589737566716,1.0,0.6689655172413793,120,556951,Thick pillars
284,1mm,128,0.68,0.06467647978515889,1.0,0.85010183299389,128,259487,Thick pillars
285,1mm,128,1.57,0.0344439926921327,1.0,0.6924981431047289,111,669210,Thick pillars
286,1mm,128,3.09,0.08169919009056223,1.0,0.3429103484969407,116,1383574,Thick pillars
287,1mm,128,5.61,0.052449416057013774,1.0,0.2527983901396051,120,563452,Thick pillars
288,1mm,64,3.09,0.0330489054595938,0.992,0.8164383561643835,64,628840,No pillars
289,1mm,64,0.52,0.08379055851142711,1.0,0.5910721402949383,64,98085,No pillars
290,1mm,64,3.09,0.047441760626497013,1.0,0.7363936228697087,64,592987,No pillars
291,1mm,64,1.57,0.04392257500944514,1.0,0.7393568147013783,64,287888,No pillars
292,1mm,64,0.68,0.0978486967377865,1.0,0.6384144376409926,64,129766,No pillars
293,1mm,64,1.57,0.03857494066872105,1.0,0.7494193548387097,64,622339,No pillars
294,1mm,64,3.09,0.0385139202358294,1.0,0.6376131953428201,64,1030880,No pillars
295,1mm,64,5.61,0.05332137584849397,0.9960079840319361,0.38220735785953175,64,297128,No pillars
296,1mm,64,3.09,0.046978362498116495,1.0,0.5709443845324296,64,646154,No pillars
297,1mm,64,0.52,0.1029725561100714,1.0,0.821071752951862,64,110300,No pillars
298,1mm,64,3.09,0.03136119402356989,1.0,0.5364428009065967,64,623202,No pillars
299,1mm,64,1.57,0.070217528376417,1.0,0.3916986933128363,64,282974,No pillars
300,1mm,64,0.68,0.05878579922929853,1.0,0.6883539362394274,64,141597,No pillars
301,1mm,64,1.57,0.07220609420106246,1.0,0.6245767775343557,64,625383,No pillars
302,1mm,64,3.09,0.033545339668351826,1.0,0.5692903225806452,64,1053162,No pillars
303,1mm,64,5.61,0.0413450242215849,1.0,0.549250385315959,64,316035,No pillars
304,1mm,64,3.09,0.03600232389944999,1.0,0.6810207336523126,64,622490,No pillars
305,1mm,64,0.52,0.08112615729406643,1.0,0.548723897911833,64,103051,No pillars
306,1mm,64,3.09,0.04849437291942903,1.0,0.7684630738522954,64,630042,No pillars
307,1mm,64,1.57,0.041380261800685526,1.0,0.7998766574159729,64,287378,No pillars
308,1mm,64,0.68,0.08634742231635487,1.0,0.708272327964861,64,129675,No pillars
309,1mm,64,1.57,0.049324042169763736,1.0,0.6812717071867486,64,491064,No pillars
310,1mm,64,3.09,0.04063458989670559,0.998,0.4426229508196721,64,1022205,No pillars
311,1mm,64,5.61,0.03925537448974988,1.0,0.3129151291512915,64,299836,No pillars
312,1mm,64,3.09,0.03812240101499221,1.0,0.7489903696800249,64,552701,Thin pillars
313,1mm,64,0.52,0.09695640826081162,1.0,0.5690119184928873,64,97693,Thin pillars
314,1mm,64,3.09,0.032869626182282695,1.0,0.7129994372537986,64,536358,Thin pillars
315,1mm,64,1.57,0.04309311280527423,1.0,0.7325888921539818,64,281151,Thin pillars
316,1mm,64,0.68,0.08461738036357798,1.0,0.5305563167991231,64,129293,Thin pillars
317,1mm,64,1.57,0.038622932419879005,1.0,0.7207181533200342,59,505411,Thin pillars
318,1mm,64,3.09,0.03330965510989405,1.0,0.48645104895104896,63,831958,Thin pillars
319,1mm,64,5.61,0.04315756271295471,0.998003992015968,0.35815602836879434,62,288269,Thin pillars
320,1mm,64,3.09,0.02865151001309856,1.0,0.588303416328894,63,583760,Thin pillars
321,1mm,64,0.52,0.10483967403474694,1.0,0.7815040650406504,64,110298,Thin pillars
322,1mm,64,3.09,0.03049192971179636,1.0,0.5418401611820013,63,577367,Thin pillars
323,1mm,64,1.57,0.08914659750232665,1.0,0.3791418537181249,64,267377,Thin pillars
324,1mm,64,0.68,0.06205451190221736,1.0,0.6982469227900038,63,136059,Thin pillars
325,1mm,64,1.57,0.06454573119311088,1.0,0.6298894557823129,62,517448,Thin pillars
326,1mm,64,3.09,0.03733224987357126,1.0,0.6209542076240709,64,867180,Thin pillars
327,1mm,64,5.61,0.032703451581344134,1.0,0.5001065416577882,62,300440,Thin pillars
328,1mm,64,3.09,0.03795597417889958,1.0,0.731457800511509,64,558541,Thin pillars
329,1mm,64,0.52,0.08197336470296049,1.0,0.5670810115730819,64,102204,Thin pillars
330,1mm,64,3.09,0.04061488040544445,1.0,0.7433888344760039,64,554718,Thin pillars
331,1mm,64,1.57,0.04033890373261997,1.0,0.8151234567901234,64,280684,Thin pillars
332,1mm,64,0.68,0.0837747213996789,1.0,0.7111940298507463,64,129674,Thin pillars
333,1mm,64,1.57,0.039602652389981154,1.0,0.6785917092561045,58,405039,Thin pillars
334,1mm,64,3.09,0.06987320650280894,1.0,0.3434466019417476,62,816912,Thin pillars
335,1mm,64,5.61,0.0497106467139948,1.0,0.2164804469273743,62,287909,Thin pillars
336,1mm,64,3.09,0.025057947008444843,1.0,0.7971491228070176,60,497245,Thick pillars
337,1mm,64,0.52,0.11174151175582331,1.0,0.5940711462450593,64,97365,Thick pillars
338,1mm,64,3.09,0.053713392173915166,1.0,0.7726868327402135,61,484428,Thick pillars
339,1mm,64,1.57,0.07093021810152496,1.0,0.8055024837600305,60,278474,Thick pillars
340,1mm,64,0.68,0.07935237192537103,1.0,0.5685294117647058,64,128513,Thick pillars
341,1mm,64,1.57,0.03739685665862267,1.0,0.7373304782298359,59,428691,Thick pillars
342,1mm,64,3.09,0.0461467217357275,1.0,0.5697745277269958,59,705696,Thick pillars
343,1mm,64,5.61,0.06029450072916572,0.9940119760479041,0.3430776426566885,60,282841,Thick pillars
344,1mm,64,3.09,0.03245675519814445,1.0,0.7635347537548026,61,542095,Thick pillars
345,1mm,64,0.52,0.10576419536992754,1.0,0.8048048048048048,64,110298,Thick pillars
346,1mm,64,3.09,0.035175694483995906,1.0,0.5499850790808714,62,552484,Thick pillars
347,1mm,64,1.57,0.08846102784084918,1.0,0.4098874746356761,60,253520,Thick pillars
348,1mm,64,0.68,0.06200716984288619,1.0,0.7391500904159132,60,133610,Thick pillars
349,1mm,64,1.57,0.05408329852979954,1.0,0.6667439703153989,59,456105,Thick pillars
350,1mm,64,3.09,0.030368969146916735,1.0,0.6894337419731466,60,750260,Thick pillars
351,1mm,64,5.61,0.029038543972846484,1.0,0.5360501567398119,60,293901,Thick pillars
352,1mm,64,3.09,0.04815007701677372,1.0,0.8192005976839746,60,506764,Thick pillars
353,1mm,64,0.52,0.0927756131202032,1.0,0.5745798319327731,64,101937,Thick pillars
354,1mm,64,3.09,0.06000207586917438,1.0,0.7327114827918945,62,486680,Thick pillars
355,1mm,64,1.57,0.07607265521426311,1.0,0.8444551128180509,60,277434,Thick pillars
356,1mm,64,0.68,0.0883573609391007,1.0,0.6887062187276626,64,129620,Thick pillars
357,1mm,64,1.57,0.044312653179555295,1.0,0.7365410497981157,56,330922,Thick pillars
358,1mm,64,3.09,0.04372734245879826,1.0,0.4082089552238806,59,690182,Thick pillars
359,1mm,64,5.61,0.043313021179273596,1.0,0.2803970223325062,60,282233,Thick pillars
360,1mm,32,3.09,0.019918253055250034,1.0,0.8597065945022077,32,314575,No pillars
361,1mm,32,0.52,0.10513404767593883,1.0,0.6654117647058824,32,48923,No pillars
362,1mm,32,3.09,0.03159586286732107,1.0,0.8293636686811233,32,297168,No pillars
363,1mm,32,1.57,0.04359980603146755,1.0,0.8519241000177337,32,144677,No pillars
364,1mm,32,0.68,0.06118717485212351,1.0,0.6872574385510997,32,64749,No pillars
365,1mm,32,1.57,0.043767357555570076,1.0,0.7461020843591006,32,310369,No pillars
366,1mm,32,3.09,0.0335062990968791,1.0,0.7100203033560253,32,517420,No pillars
367,1mm,32,5.61,0.04482079738624314,1.0,0.47945818873838575,32,148368,No pillars
368,1mm,32,3.09,0.026433304120875113,1.0,0.7030974826478815,32,326451,No pillars
369,1mm,32,0.52,0.08340421442854506,1.0,0.9054138145612943,32,55322,No pillars
370,1mm,32,3.09,0.02530521069990884,1.0,0.7352704720339956,32,312459,No pillars
371,1mm,32,1.57,0.08100627021409271,1.0,0.528659849300323,32,140483,No pillars
372,1mm,32,0.68,0.05565721695935758,1.0,0.8235073225685318,32,70751,No pillars
373,1mm,32,1.57,0.07773597636407373,1.0,0.6547816121227557,32,312786,No pillars
374,1mm,32,3.09,0.04327274786144711,1.0,0.6528198908429351,32,525303,No pillars
375,1mm,32,5.61,0.030387772958381132,1.0,0.6266233766233766,32,157669,No pillars
376,1mm,32,3.09,0.027206527201130825,1.0,0.8610908027489399,32,311677,No pillars
377,1mm,32,0.52,0.05596831080014578,1.0,0.754041570438799,32,51381,No pillars
378,1mm,32,3.09,0.03717932983966445,1.0,0.8431313283965544,32,315412,No pillars
379,1mm,32,1.57,0.03260027817679885,1.0,0.8535113386978785,32,144045,No pillars
380,1mm,32,0.68,0.07435825332477376,1.0,0.7583719732096857,32,64676,No pillars
381,1mm,32,1.57,0.048666974287784055,1.0,0.7532381268681502,32,246796,No pillars
382,1mm,32,3.09,0.06637529116542043,1.0,0.4380313199105145,32,512989,No pillars
383,1mm,32,5.61,0.03645378144080263,1.0,0.38556319950713625,32,149917,No pillars
384,1mm,32,3.09,0.03076819732213282,1.0,0.6873811033608117,32,259941,Thin pillars
385,1mm,32,0.52,0.07390701068362947,1.0,0.6992840095465394,32,48531,Thin pillars
386,1mm,32,3.09,0.03213088409322966,1.0,0.6392505557319784,32,264202,Thin pillars
387,1mm,32,1.57,0.03534559209250811,1.0,0.827745180217938,32,138880,Thin pillars
388,1mm,32,0.68,0.054777060631326674,1.0,0.7040538375260375,32,64457,Thin pillars
389,1mm,32,1.57,0.044480808349766275,1.0,0.6969984202211691,27,217779,Thin pillars
390,1mm,32,3.09,0.03140505981241658,1.0,0.466637687459248,31,391175,Thin pillars
391,1mm,32,5.61,0.04683898219590922,1.0,0.4667693661971831,30,140737,Thin pillars
392,1mm,32,3.09,0.029297356044663294,1.0,0.6574005436125525,31,278981,Thin pillars
393,1mm,32,0.52,0.09236556939411224,1.0,0.8980850373255437,32,55320,Thin pillars
394,1mm,32,3.09,0.03231210762239566,1.0,0.6137977680081164,31,278781,Thin pillars
395,1mm,32,1.57,0.1114905111608405,1.0,0.4915695892090742,32,127689,Thin pillars
396,1mm,32,0.68,0.04317898109685775,1.0,0.8022361984626135,31,65857,Thin pillars
397,1mm,32,1.57,0.041084808379228246,1.0,0.7599842612630336,30,232475,Thin pillars
398,1mm,32,3.09,0.04640456438965174,0.998,0.44014285714285717,32,417800,Thin pillars
399,1mm,32,5.61,0.02668893241750913,1.0,0.5404878048780488,30,143469,Thin pillars
400,1mm,32,3.09,0.03518805693820925,1.0,0.6749539594843462,32,266602,Thin pillars
401,1mm,32,0.52,0.04205419009057607,1.0,0.8132516451100522,32,50533,Thin pillars
402,1mm,32,3.09,0.029539642059693453,1.0,0.6661032575291949,32,275915,Thin pillars
403,1mm,32,1.57,0.029928959100349952,1.0,0.8176297386823702,32,138336,Thin pillars
404,1mm,32,0.68,0.0443631509312618,1.0,0.7461305518169583,32,64676,Thin pillars
405,1mm,32,1.57,0.02927797066892019,1.0,0.7296771684169584,26,180597,Thin pillars
406,1mm,32,3.09,0.03749715192233337,0.996,0.39924591537494764,30,384563,Thin pillars
407,1mm,32,5.61,0.03554285451864179,1.0,0.35138781804163455,30,139062,Thin pillars
408,1mm,32,3.09,0.03689796563098615,1.0,0.8306299509619012,28,230724,Thick pillars
409,1mm,32,0.52,0.07524857981666988,1.0,0.7006940917555443,32,48203,Thick pillars
410,1mm,32,3.09,0.02972075687448213,1.0,0.6496577473553204,29,233985,Thick pillars
411,1mm,32,1.57,0.04480385137795559,1.0,0.8506110408765276,28,137571,Thick pillars
412,1mm,32,0.68,0.09163282048377211,1.0,0.7207314988890788,32,63833,Thick pillars
413,1mm,32,1.57,0.043461560913501444,1.0,0.7313109425785482,27,191080,Thick pillars
414,1mm,32,3.09,0.04821643114024815,1.0,0.5016134815346002,27,346264,Thick pillars
415,1mm,32,5.61,0.05363218622338888,1.0,0.351423487544484,28,138360,Thick pillars
416,1mm,32,3.09,0.04284567797442726,1.0,0.729303775545549,29,257972,Thick pillars
417,1mm,32,0.52,0.09626652281642767,1.0,0.8822381262199089,32,55320,Thick pillars
418,1mm,32,3.09,0.02729891193840831,1.0,0.6571152607855762,30,267725,Thick pillars
419,1mm,32,1.57,0.12873760514243435,0.992,0.5220559275305239,28,121718,Thick pillars
420,1mm,32,0.68,0.0539999216127451,1.0,0.8156108597285068,28,65493,Thick pillars
421,1mm,32,1.57,0.053845261360673184,1.0,0.8077264653641207,27,205950,Thick pillars
422,1mm,32,3.09,0.05385693139495737,1.0,0.5827505827505828,28,357152,Thick pillars
423,1mm,32,5.61,0.02974599631798029,0.9940119760479041,0.6099750623441397,28,141650,Thick pillars
424,1mm,32,3.09,0.025658769054235014,1.0,0.8079979492437837,28,237992,Thick pillars
425,1mm,32,0.52,0.048876332316763506,1.0,0.8568558513309894,32,50266,Thick pillars
426,1mm,32,3.09,0.026337676670057722,1.0,0.7340251228836702,30,234636,Thick pillars
427,1mm,32,1.57,0.02958772199441463,1.0,0.8451336898395722,28,136980,Thick pillars
428,1mm,32,0.68,0.07717256980792289,1.0,0.7782446311858077,32,64644,Thick pillars
429,1mm,32,1.57,0.03155505865527506,1.0,0.7622618565058776,24,155608,Thick pillars
430,1mm,32,3.09,0.05976840235920947,0.886,0.5531587057010786,27,339445,Thick pillars
431,1mm,32,5.61,0.0346498271941196,0.998003992015968,0.3879003558718861,28,137067,Thick pillars
432,3mm,128,3.09,0.039604872983618464,1.0,0.4126149802890933,128,1258044,No pillars
433,3mm,128,0.52,0.0827659342974412,1.0,0.679549114331723,128,196346,No pillars
434,3mm,128,3.09,0.03986491193372165,1.0,0.4691516709511568,128,1186515,No pillars
435,3mm,128,1.57,0.06725090035468041,1.0,0.506140350877193,128,575738,No pillars
436,3mm,128,0.68,0.0873380965251221,1.0,0.4437869822485207,128,259852,No pillars
437,3mm,128,1.57,0.06440317999909519,0.998003992015968,0.5,128,1244419,No pillars
438,3mm,128,3.09,0.06871542986171024,1.0,0.1893877551020408,128,2062216,No pillars
439,3mm,128,5.61,0.08881773260187516,1.0,0.12041425311567491,128,595015,No pillars
440,3mm,128,3.09,0.05800763469730879,1.0,0.2624938149430975,128,1296365,No pillars
441,3mm,128,0.52,0.09257982621515128,1.0,0.3350943396226415,128,220840,No pillars
442,3mm,128,3.09,0.05269304681057552,0.9900199600798403,0.1880293619424054,128,1246560,No pillars
443,3mm,128,1.57,0.13424529238821595,1.0,0.08415398388540735,128,566711,No pillars
444,3mm,128,0.68,0.0915334611070941,1.0,0.436429215509468,128,283254,No pillars
445,3mm,128,1.57,0.07059961906321728,1.0,0.4895833333333333,128,1250021,No pillars
446,3mm,128,3.09,0.06091756450175769,0.996,0.17273762094479225,128,2106988,No pillars
447,3mm,128,5.61,0.04173341367111399,1.0,0.20657276995305165,128,632262,No pillars
448,3mm,128,3.09,0.03722723225747714,1.0,0.4866339334424441,128,1246503,No pillars
449,3mm,128,0.52,0.08390985239536833,1.0,0.6064690026954178,128,206442,No pillars
450,3mm,128,3.09,0.06623064030168767,1.0,0.5102286401925391,128,1260325,No pillars
451,3mm,128,1.57,0.07639097461578039,1.0,0.3892668178382464,128,575560,No pillars
452,3mm,128,0.68,0.08191239696257484,1.0,0.3911671924290221,128,259593,No pillars
453,3mm,128,1.57,0.07263139889591931,1.0,0.4886515353805073,128,981525,No pillars
454,3mm,128,3.09,0.08697313431278665,1.0,0.2130841121495327,128,2042653,No pillars
455,3mm,128,5.61,0.027415512763136668,0.998003992015968,0.10594456601021153,128,600290,No pillars
456,3mm,128,3.09,0.048632986213665595,1.0,0.4632438739789965,126,1109286,Thin pillars
457,3mm,128,0.52,0.10626263456492112,0.9900199600798403,0.6502732240437158,128,195727,Thin pillars
458,3mm,128,3.09,0.055011978231634395,0.9920159680638723,0.42363510711817554,128,1073500,Thin pillars
459,3mm,128,1.57,0.054745453347740135,1.0,0.5380029806259314,127,562773,Thin pillars
460,3mm,128,0.68,0.10400799893790105,1.0,0.3808864265927978,128,258910,Thin pillars
461,3mm,128,1.57,0.05609172524810831,1.0,0.5554202192448234,120,1002260,Thin pillars
462,3mm,128,3.09,0.06986790563114348,0.994,0.19106047326906223,127,1663440,Thin pillars
463,3mm,128,5.61,0.05380640076190826,1.0,0.11200661293655714,124,577687,Thin pillars
464,3mm,128,3.09,0.05321144213330602,1.0,0.3436123348017621,126,1175533,Thin pillars
465,3mm,128,0.52,0.10616954604150086,1.0,0.31837307152875177,128,220839,Thin pillars
466,3mm,128,3.09,0.047021715747699686,0.9960079840319361,0.18170656844689995,126,1164207,Thin pillars
467,3mm,128,1.57,0.12410257848206394,1.0,0.09265667051134178,126,532986,Thin pillars
468,3mm,128,0.68,0.10310751085746575,1.0,0.429097605893186,123,272630,Thin pillars
469,3mm,128,1.57,0.07355845775716567,1.0,0.47038123167155427,123,1043200,Thin pillars
470,3mm,128,3.09,0.05591744104305457,1.0,0.1490496832277426,128,1737970,Thin pillars
471,3mm,128,5.61,0.04314615603345787,1.0,0.2495583038869258,124,602350,Thin pillars
472,3mm,128,3.09,0.048358264272349016,1.0,0.4879679144385027,127,1118935,Thin pillars
473,3mm,128,0.52,0.08123934858676635,1.0,0.665083135391924,128,204983,Thin pillars
474,3mm,128,3.09,0.06060403376652389,1.0,0.4539951573849879,125,1108252,Thin pillars
475,3mm,128,1.57,0.06873559299457178,1.0,0.4883268482490272,127,563012,Thin pillars
476,3mm,128,0.68,0.07542599452835204,1.0,0.376425855513308,128,259576,Thin pillars
477,3mm,128,1.57,0.06844990393915042,0.998003992015968,0.6395348837209303,118,793833,Thin pillars
478,3mm,128,3.09,0.06592829989827857,0.996,0.12304250559284116,126,1629354,Thin pillars
479,3mm,128,5.61,0.1323052710111789,0.9860279441117764,0.04636290967226219,124,577274,Thin pillars
480,3mm,128,3.09,0.04359526170574892,0.996,0.42400690846286704,117,1006996,Thick pillars
481,3mm,128,0.52,0.156558318826811,0.9940119760479041,0.6847826086956522,128,194811,Thick pillars
482,3mm,128,3.09,0.04138351843221482,1.0,0.4297520661157025,118,980439,Thick pillars
483,3mm,128,1.57,0.05319818738460019,1.0,0.3731911652703732,120,557537,Thick pillars
484,3mm,128,0.68,0.10489021718943084,0.9960079840319361,0.4395973154362416,128,257694,Thick pillars
485,3mm,128,1.57,0.05501046054328099,1.0,0.5844700944386149,114,859393,Thick pillars
486,3mm,128,3.09,0.055883753033123665,0.998,0.15011990407673861,116,1417546,Thick pillars
487,3mm,128,5.61,0.05139479431072693,0.9920159680638723,0.11673151750972763,120,566910,Thick pillars
488,3mm,128,3.09,0.03990370705791649,0.994,0.3871669385535617,121,1093872,Thick pillars
489,3mm,128,0.52,0.06369008584415513,0.9920159680638723,0.38461538461538464,128,220839,Thick pillars
490,3mm,128,3.09,0.0643716589207934,0.9900199600798403,0.15301441677588468,123,1105031,Thick pillars
491,3mm,128,1.57,0.16675765186930724,1.0,0.09378574151734655,120,511630,Thick pillars
492,3mm,128,0.68,0.09819157063144857,1.0,0.43729263437292637,120,269647,Thick pillars
493,3mm,128,1.57,0.07820604418649442,1.0,0.4352701325178389,115,917994,Thick pillars
494,3mm,128,3.09,0.055174713499091754,1.0,0.10580204778156997,120,1505267,Thick pillars
495,3mm,128,5.61,0.04801464439132651,0.998003992015968,0.2119524870081663,120,585128,Thick pillars
496,3mm,128,3.09,0.040545167213305776,1.0,0.541089566020314,117,1025702,Thick pillars
497,3mm,128,0.52,0.07866612822531577,1.0,0.696,128,203747,Thick pillars
498,3mm,128,3.09,0.06174171842299204,0.9940119760479041,0.4261576971214018,118,992228,Thick pillars
499,3mm,128,1.57,0.05655831212434389,1.0,0.4009397024275646,120,556951,Thick pillars
500,3mm,128,0.68,0.09369433398122291,0.998003992015968,0.5617198335644937,128,259487,Thick pillars
501,3mm,128,1.57,0.0687695823115662,1.0,0.5675675675675675,111,669210,Thick pillars
502,3mm,128,3.09,0.1203973051360654,0.994,0.079002079002079,116,1383574,Thick pillars
503,3mm,128,5.61,0.292166297456127,0.9620758483033932,0.060964230171073094,120,563452,Thick pillars
504,3mm,64,3.09,0.041625369153211626,1.0,0.7246913580246913,64,628840,No pillars
505,3mm,64,0.52,0.10621106430072834,1.0,0.511578947368421,64,98085,No pillars
506,3mm,64,3.09,0.05582175395752219,1.0,0.5348837209302325,64,592987,No pillars
507,3mm,64,1.57,0.08018107283060708,1.0,0.4536652835408022,64,287888,No pillars
508,3mm,64,0.68,0.08993695987968803,1.0,0.4676646706586826,64,129766,No pillars
509,3mm,64,1.57,0.07279244557436391,1.0,0.3736673773987207,64,622339,No pillars
510,3mm,64,3.09,0.04107683972474455,1.0,0.39285714285714285,64,1030880,No pillars
511,3mm,64,5.61,0.05971167084832912,1.0,0.1778975741239892,64,297128,No pillars
512,3mm,64,3.09,0.04408358345562047,0.996,0.34921145799806885,64,646154,No pillars
513,3mm,64,0.52,0.13365590039120578,1.0,0.4312647289866457,64,110300,No pillars
514,3mm,64,3.09,0.041158748515529905,1.0,0.2907646474677259,64,623202,No pillars
515,3mm,64,1.57,0.1140153334202243,0.994,0.18679138321995464,64,282974,No pillars
516,3mm,64,0.68,0.0874477873321301,1.0,0.581570996978852,64,141597,No pillars
517,3mm,64,1.57,0.14308493435757622,1.0,0.32786885245901637,64,625383,No pillars
518,3mm,64,3.09,0.03642618447042532,1.0,0.2332236009116232,64,1053162,No pillars
519,3mm,64,5.61,0.03651876508390655,1.0,0.19574373753048105,64,316035,No pillars
520,3mm,64,3.09,0.04571053566412895,1.0,0.6629793510324484,64,622490,No pillars
521,3mm,64,0.52,0.10974010906033532,1.0,0.4642857142857143,64,103051,No pillars
522,3mm,64,3.09,0.05315403625959095,1.0,0.5514360313315927,64,630042,No pillars
523,3mm,64,1.57,0.06540043108597744,1.0,0.33095238095238094,64,287378,No pillars
524,3mm,64,0.68,0.08184120783322923,1.0,0.5724543080939948,64,129675,No pillars
525,3mm,64,1.57,0.07570320499573843,0.9960079840319361,0.31053811659192826,64,491064,No pillars
526,3mm,64,3.09,0.04314435300549889,1.0,0.1611042439225381,64,1022205,No pillars
527,3mm,64,5.61,0.0649139736597887,0.998003992015968,0.09271735643246712,64,299836,No pillars
528,3mm,64,3.09,0.04267945999339666,1.0,0.402803738317757,64,552701,Thin pillars
529,3mm,64,0.52,0.1224525201818104,1.0,0.5269953051643192,64,97693,Thin pillars
530,3mm,64,3.09,0.05768143908464232,0.9900199600798403,0.2753623188405797,64,536358,Thin pillars
531,3mm,64,1.57,0.05873382809756312,1.0,0.43521388716677,64,281151,Thin pillars
532,3mm,64,0.68,0.09108081399583731,1.0,0.6041426927502876,64,129293,Thin pillars
533,3mm,64,1.57,0.07532357987569636,1.0,0.29065565307176044,59,505411,Thin pillars
534,3mm,64,3.09,0.051664493836759355,1.0,0.21743161798794622,63,831958,Thin pillars
535,3mm,64,5.61,0.04830002877609362,1.0,0.17437722419928825,62,288269,Thin pillars
536,3mm,64,3.09,0.04207193219209368,1.0,0.32399844418514195,63,583760,Thin pillars
537,3mm,64,0.52,0.11916616989746534,1.0,0.4206730769230769,64,110298,Thin pillars
538,3mm,64,3.09,0.05153097385187255,1.0,0.26445056108405673,63,577367,Thin pillars
539,3mm,64,1.57,0.12506749171539064,0.998,0.14549938347718866,64,267377,Thin pillars
540,3mm,64,0.68,0.09277566583739581,1.0,0.4969512195121951,63,136059,Thin pillars
541,3mm,64,1.57,0.08671193398179354,1.0,0.28272251308900526,62,517448,Thin pillars
542,3mm,64,3.09,0.05004905808831523,1.0,0.1467146714671467,64,867180,Thin pillars
543,3mm,64,5.61,0.04131386743544646,0.9940119760479041,0.19625137816979052,62,300440,Thin pillars
544,3mm,64,3.09,0.04613727942531625,1.0,0.5412275263484191,64,558541,Thin pillars
545,3mm,64,0.52,0.12220208644472204,1.0,0.4749608763693271,64,102204,Thin pillars
546,3mm,64,3.09,0.058670258862198815,0.9920159680638723,0.1852219191668733,64,554718,Thin pillars
547,3mm,64,1.57,0.0738239666393098,1.0,0.45102147721320063,64,280684,Thin pillars
548,3mm,64,0.68,0.080323136083554,1.0,0.5409836065573771,64,129674,Thin pillars
549,3mm,64,1.57,0.07300282075323779,1.0,0.30327056491575816,58,405039,Thin pillars
550,3mm,64,3.09,0.0477640157534912,1.0,0.13558282208588956,62,816912,Thin pillars
551,3mm,64,5.61,0.06374879061549413,0.9840319361277445,0.07142857142857142,62,287909,Thin pillars
552,3mm,64,3.09,0.04956866057721549,1.0,0.5233644859813084,60,497245,Thick pillars
553,3mm,64,0.52,0.12411559971279683,1.0,0.4752808988764045,64,97365,Thick pillars
554,3mm,64,3.09,0.05696935156492629,0.9940119760479041,0.29421990438939594,61,484428,Thick pillars
555,3mm,64,1.57,0.06710529520020563,1.0,0.39200680272108845,60,278474,Thick pillars
556,3mm,64,0.68,0.08941201407804214,1.0,0.4748062015503876,64,128513,Thick pillars
557,3mm,64,1.57,0.06531087150667904,1.0,0.24772539288668322,59,428691,Thick pillars
558,3mm,64,3.09,0.043230269378700246,0.998,0.18503712164477443,59,705696,Thick pillars
559,3mm,64,5.61,0.055932161811712275,0.9740518962075848,0.1023371104815864,60,282841,Thick pillars
560,3mm,64,3.09,0.05553542074718527,1.0,0.3945054945054945,61,542095,Thick pillars
561,3mm,64,0.52,0.10970638853608176,1.0,0.43523316062176165,64,110298,Thick pillars
562,3mm,64,3.09,0.05651254987538124,0.9920159680638723,0.35997335997336,62,552484,Thick pillars
563,3mm,64,1.57,0.19146563521434937,1.0,0.09488013002844373,60,253520,Thick pillars
564,3mm,64,0.68,0.08915648500274645,1.0,0.5927791771620488,60,133610,Thick pillars
565,3mm,64,1.57,0.098013196952253,1.0,0.29949664429530204,59,456105,Thick pillars
566,3mm,64,3.09,0.037959961758170326,1.0,0.19184652278177458,60,750260,Thick pillars
567,3mm,64,5.61,0.060792236771406355,1.0,0.14650145772594753,60,293901,Thick pillars
568,3mm,64,3.09,0.05377435907922533,0.996,0.48223350253807107,60,506764,Thick pillars
569,3mm,64,0.52,0.11249360939518573,1.0,0.4884004884004884,64,101937,Thick pillars
570,3mm,64,3.09,0.042605333316721575,0.9940119760479041,0.31611454239191467,62,486680,Thick pillars
571,3mm,64,1.57,0.07263686315217258,1.0,0.29551020408163264,60,277434,Thick pillars
572,3mm,64,0.68,0.07799344627884046,1.0,0.603530210454854,64,129620,Thick pillars
573,3mm,64,1.57,0.05542869438810448,1.0,0.32575757575757575,56,330922,Thick pillars
574,3mm,64,3.09,0.06425122930173234,1.0,0.16972767574414185,59,690182,Thick pillars
575,3mm,64,5.61,0.06518665294559108,0.9780439121756487,0.09289617486338798,60,282233,Thick pillars
576,3mm,32,3.09,0.04124897738470541,1.0,0.26840649844452125,32,314575,No pillars
577,3mm,32,0.52,0.1320083291076616,1.0,0.30284301606922126,32,48923,No pillars
578,3mm,32,3.09,0.040518734760236735,1.0,0.27645529105821165,32,297168,No pillars
579,3mm,32,1.57,0.06318370061413685,1.0,0.3934880498787669,32,144677,No pillars
580,3mm,32,0.68,0.10812981220415405,1.0,0.4727435210008937,32,64749,No pillars
581,3mm,32,1.57,0.06169216163902879,1.0,0.21605431309904152,32,310369,No pillars
582,3mm,32,3.09,0.050670617215551356,1.0,0.32001348845051425,32,517420,No pillars
583,3mm,32,5.61,0.09972481739812118,0.9580838323353293,0.16587301587301587,32,148368,No pillars
584,3mm,32,3.09,0.05206121727516378,0.996,0.37276166456494325,32,326451,No pillars
585,3mm,32,0.52,0.14397200906393523,1.0,0.312063344201211,32,55322,No pillars
586,3mm,32,3.09,0.06336287788559405,1.0,0.1657398121980126,32,312459,No pillars
587,3mm,32,1.57,0.08689583806831087,1.0,0.21518275538894097,32,140483,No pillars
588,3mm,32,0.68,0.07625693008755745,1.0,0.37599153886832365,32,70751,No pillars
589,3mm,32,1.57,0.13276445438348958,1.0,0.23704687796545834,32,312786,No pillars
590,3mm,32,3.09,0.06753719604249594,0.948,0.22560907776170874,32,525303,No pillars
591,3mm,32,5.61,0.04999877053303931,0.9960079840319361,0.15629124505059394,32,157669,No pillars
592,3mm,32,3.09,0.03704954038312902,1.0,0.2486570784959279,32,311677,No pillars
593,3mm,32,0.52,0.21513067611912595,1.0,0.1292051205715987,32,51381,No pillars
594,3mm,32,3.09,0.04792281487697854,1.0,0.537196261682243,32,315412,No pillars
595,3mm,32,1.57,0.06163519239611493,1.0,0.4573065902578797,32,144045,No pillars
596,3mm,32,0.68,0.10481711526804134,0.9960079840319361,0.4413377192982456,32,64676,No pillars
597,3mm,32,1.57,0.06343662982960273,1.0,0.3588901058780577,32,246796,No pillars
598,3mm,32,3.09,0.06942731749685804,0.948,0.27294557097118466,32,512989,No pillars
599,3mm,32,5.61,0.0731656615675251,0.9241516966067864,0.18753573470554602,32,149917,No pillars
600,3mm,32,3.09,0.04712251185669127,1.0,0.3062645011600928,32,259941,Thin pillars
601,3mm,32,0.52,0.11031395561661586,1.0,0.32404603270745,32,48531,Thin pillars
602,3mm,32,3.09,0.04691624725785034,1.0,0.3556851311953353,32,264202,Thin pillars
603,3mm,32,1.57,0.06209605203991224,0.994,0.4592164418754014,32,138880,Thin pillars
604,3mm,32,0.68,0.11902716393437722,1.0,0.4369703389830508,32,64457,Thin pillars
605,3mm,32,1.57,0.05803094807138458,1.0,0.30655509065550907,27,217779,Thin pillars
606,3mm,32,3.09,0.06247853892898811,0.938,0.18367952522255193,31,391175,Thin pillars
607,3mm,32,5.61,0.06922702256178581,0.8323353293413174,0.11521499448732084,30,140737,Thin pillars
608,3mm,32,3.09,0.04985030406129435,1.0,0.28926528816542013,31,278981,Thin pillars
609,3mm,32,0.52,0.11745664431745642,1.0,0.31094410521371535,32,55320,Thin pillars
610,3mm,32,3.09,0.0618963158098601,1.0,0.20662549129702415,31,278781,Thin pillars
611,3mm,32,1.57,0.07033958749300842,1.0,0.23992890995260663,32,127689,Thin pillars
612,3mm,32,0.68,0.08449202593423079,0.998003992015968,0.585956416464891,31,65857,Thin pillars
613,3mm,32,1.57,0.10345264872126433,1.0,0.317675398976212,30,232475,Thin pillars
614,3mm,32,3.09,0.05420259866959744,0.926,0.15168452103710603,32,417800,Thin pillars
615,3mm,32,5.61,0.06522614624987275,0.9880239520958084,0.15155778894472363,30,143469,Thin pillars
616,3mm,32,3.09,0.036917811316295915,1.0,0.31856030083266185,32,266602,Thin pillars
617,3mm,32,0.52,0.08452818134358046,1.0,0.5259165613147914,32,50533,Thin pillars
618,3mm,32,3.09,0.03995201509385629,1.0,0.38160535117056854,32,275915,Thin pillars
619,3mm,32,1.57,0.07096832578775412,1.0,0.39995113608600047,32,138336,Thin pillars
620,3mm,32,0.68,0.10921154586819577,1.0,0.44465379180405085,32,64676,Thin pillars
621,3mm,32,1.57,0.07718765170968127,1.0,0.2588088556283131,26,180597,Thin pillars
622,3mm,32,3.09,0.07654686304267945,0.868,0.33564356435643566,30,384563,Thin pillars
623,3mm,32,5.61,0.11950652130995754,0.7784431137724551,0.1466275659824047,30,139062,Thin pillars
624,3mm,32,3.09,0.0565636002951572,0.972,0.34095549203756637,28,230724,Thick pillars
625,3mm,32,0.52,0.1115490694491111,1.0,0.3317422434367542,32,48203,Thick pillars
626,3mm,32,3.09,0.04561692414979032,1.0,0.4685908319185059,29,233985,Thick pillars
627,3mm,32,1.57,0.04911018751018508,0.994,0.48222365869424694,28,137571,Thick pillars
628,3mm,32,0.68,0.11090087246871483,1.0,0.44269340974212035,32,63833,Thick pillars
629,3mm,32,1.57,0.05317578040337121,1.0,0.3357118586476385,27,191080,Thick pillars
630,3mm,32,3.09,0.12390240307578856,0.894,0.25660569105691056,27,346264,Thick pillars
631,3mm,32,5.61,0.14995870395444266,0.812375249500998,0.18893129770992367,28,138360,Thick pillars
632,3mm,32,3.09,0.04609179978616194,1.0,0.4144486692015209,29,257972,Thick pillars
633,3mm,32,0.52,0.13281665871015078,1.0,0.31501154734411085,32,55320,Thick pillars
634,3mm,32,3.09,0.0767246364954283,1.0,0.201909532008139,30,267725,Thick pillars
635,3mm,32,1.57,0.10066388972729433,1.0,0.13855421686746988,28,121718,Thick pillars
636,3mm,32,0.68,0.07792088752618857,1.0,0.527007299270073,28,65493,Thick pillars
637,3mm,32,1.57,0.10280419789858117,0.9940119760479041,0.3184251968503937,27,205950,Thick pillars
638,3mm,32,3.09,0.08841450939151942,0.858,0.2342857142857143,28,357152,Thick pillars
639,3mm,32,5.61,0.061266582538430384,0.9401197604790419,0.15886573283225144,28,141650,Thick pillars
640,3mm,32,3.09,0.05914249407602285,1.0,0.25,28,237992,Thick pillars
641,3mm,32,0.52,0.08144280779486393,1.0,0.2901536312849162,32,50266,Thick pillars
642,3mm,32,3.09,0.07727840629717367,1.0,0.5635808748728383,30,234636,Thick pillars
643,3mm,32,1.57,0.07366387510059937,1.0,0.4301445285615967,28,136980,Thick pillars
644,3mm,32,0.68,0.0980344363376082,1.0,0.4702945581627559,32,64644,Thick pillars
645,3mm,32,1.57,0.07988658718545993,1.0,0.29145273331319843,24,155608,Thick pillars
646,3mm,32,3.09,0.07317369662876863,0.822,0.46099290780141844,27,339445,Thick pillars
647,3mm,32,5.61,0.08666266282857378,0.6946107784431138,0.22186495176848875,28,137067,Thick pillars
